,Status,Class,Type,Full Baths,HBA,Beds,Apx SQFT,Apx ACR,Sale Year,Sale Price,TotalBaths,PPSF,BathsPerBed,SqftPerAcre,BedsPerSqft
0,Sold,Residential,Rural Residential,2.0,0.0,3.0,1104.0,0.39,2015,82278.481,2.0,74.52760960144927,0.6666666666666666,2760.0,0.0027173666905191077
1,Sold,Residential,Rural Residential,1.0,0.0,2.0,768.0,0.36,2020,75581.395,1.0,98.41327473958334,0.5,2075.675675675676,0.002604132758688038
2,Sold,Residential,Rural Residential,1.0,0.0,4.0,1400.0,0.66,2016,80912.863,1.0,57.79490214285714,0.25,2089.55223880597,0.0028571224491253633
3,Sold,Residential,Rural Residential,1.0,0.0,2.0,969.0,1.0,2024,62737.342,1.0,64.74441898864809,0.5,959.4059405940594,0.002063962188212712
4,Sold,Residential,Rural Residential,1.0,0.0,2.0,900.0,5.0,2020,79360.465,1.0,88.17829444444445,0.5,179.64071856287427,0.002222197531138543
5,Sold,Residential,Rural Residential,2.0,0.0,3.0,1248.0,0.2,2020,79675.388,2.0,63.84245833333334,0.6666666666666666,5942.857142857142,0.002403826892412721
6,Sold,Residential,Rural Residential,1.0,0.0,2.0,768.0,0.2,2021,76752.768,1.0,99.93849999999999,0.5,3657.142857142857,0.002604132758688038
7,Sold,Residential,Rural Residential,1.0,1.0,3.0,1200.0,4.19,2015,87763.713,1.5,73.1364275,0.5,285.7142857142857,0.0024999791668402762
8,Sold,Residential,Rural Residential,2.0,0.0,5.0,2240.0,5.64,2016,86307.054,2.0,38.529934821428576,0.4,396.4601769911505,0.0022321328922638734
9,Sold,Residential,Rural Residential,1.0,0.0,2.0,885.0,0.25,2021,76752.768,1.0,86.72629152542372,0.5,3403.846153846154,0.0022598614704918587
10,Sold,Residential,Mobile/Mod/Mfg w/Property,2.0,0.0,2.0,896.0,5.0,2022,71678.082,2.0,79.99785937499999,1.0,178.84231536926148,0.00223211794511222
11,Sold,Residential,Rural Residential,2.0,0.0,3.0,1404.0,2.0,2021,77352.399,2.0,55.09430128205128,0.6666666666666666,698.5074626865672,0.0021367369178282207
12,Sold,Residential,Mobile/Mod/Mfg w/Property,2.0,0.0,3.0,1248.0,1.61,2017,85561.224,2.0,68.55867307692309,0.6666666666666666,770.3703703703703,0.002403826892412721
13,Sold,Residential,Mobile/Mod/Mfg w/Property,2.0,0.0,3.0,1456.0,7.0,2021,77952.03,2.0,53.53848214285714,0.6666666666666666,207.70328102710414,0.0020604254091661457
14,Sold,Residential,Rural Residential,2.0,0.0,3.0,1530.0,0.84,2015,89135.021,2.0,58.25818366013071,0.6666666666666666,1800.0,0.0019607714982255017
15,Sold,Residential,Rural Residential,1.0,0.0,3.0,1040.0,0.25,2015,89135.021,1.0,85.70675096153846,0.3333333333333333,4000.0,0.0028845876481956904
16,Sold,Residential,Rural Residential,1.0,1.0,5.0,1888.0,0.5,2017,86224.49,1.5,45.66975105932204,0.3,3701.9607843137255,0.0026482910577804142
17,Sold,Residential,Rural Residential,1.0,0.0,2.0,1090.0,0.1,2022,72345.89,1.0,66.372376146789,0.5,9909.09090909091,0.001834845551875671
18,Sold,Residential,Rural Residential,2.0,0.0,2.0,1240.0,1.0,2020,81879.845,2.0,66.03213306451613,1.0,1227.7227722772277,0.0016128902186272691
19,Sold,Residential,Rural Residential,1.0,0.0,2.0,1020.0,0.24,2021,77952.03,1.0,76.4235588235294,0.5,4080.0,0.001960765090538328
20,Sold,Residential,Rural Residential,2.0,0.0,3.0,1500.0,0.37,2020,81879.845,2.0,54.58656333333333,0.6666666666666666,3947.3684210526317,0.001999986666755555
21,Sold,Residential,Rural Residential,1.0,0.0,3.0,1300.0,0.23,2015,91877.637,1.0,70.67510538461539,0.3333333333333333,5416.666666666666,0.0023076745563495667
22,Sold,Residential,Rural Residential,3.0,0.0,4.0,2230.0,0.69,2016,90352.697,3.0,40.51690448430493,0.75,3185.714285714286,0.001793713929533948
23,Sold,Residential,Rural Residential,1.0,0.0,3.0,1325.0,0.24,2016,91026.971,1.0,68.69960075471698,0.3333333333333333,5300.0,0.002264133855593543
24,Sold,Residential,Rural Residential,1.0,0.0,3.0,1040.0,0.25,2016,92375.519,1.0,88.82261442307693,0.3333333333333333,4000.0,0.0028845876481956904
25,Sold,Residential,Rural Residential,1.0,0.0,2.0,800.0,0.29,2025,68500.0,1.0,85.625,0.5,2666.666666666667,0.0024999687503906203
26,Sold,Residential,Rural Residential,1.0,1.0,3.0,1386.0,0.48,2022,76686.644,1.5,55.32946897546898,0.5,2828.5714285714284,0.002164486547716106
27,Sold,Residential,Rural Residential,2.0,0.0,4.0,1300.0,0.5,2019,88740.234,2.0,68.26171846153846,0.5,2549.0196078431372,0.0030768994084660888
28,Sold,Residential,Rural Residential,3.0,0.0,4.0,2333.0,0.48,2019,88854.492,3.0,38.08593741963138,0.75,4761.224489795918,0.0017145232982284687
29,Sold,Residential,Mobile/Mod/Mfg w/Property,2.0,0.0,3.0,1674.0,2.0,2021,83947.14,2.0,50.14763440860215,0.6666666666666666,832.8358208955225,0.0017921039898208494
30,Sold,Residential,Rural Residential,2.0,0.0,3.0,1491.0,1.0,2020,88178.295,2.0,59.1403722334004,0.6666666666666666,1476.2376237623762,0.0020120589399132134
31,Sold,Residential,Rural Residential,1.0,0.0,2.0,848.0,0.32,2021,86346.863,1.0,101.82413089622641,0.5,2569.6969696969695,0.0023584627539769577
32,Sold,Residential,Mobile/Mod/Mfg w/Property,2.0,0.0,3.0,1344.0,0.56,2023,76721.311,2.0,57.084308779761905,0.6666666666666666,2357.894736842105,0.0022321262490606467
33,Sold,Residential,Rural Residential,1.0,0.0,3.0,1242.0,0.68,2020,91957.364,1.0,74.03974557165861,0.3333333333333333,1799.9999999999998,0.0024154394892150627
34,Sold,Residential,Rural Residential,1.0,0.0,3.0,1030.0,1.0,2019,92675.781,1.0,89.976486407767,0.3333333333333333,1019.8019801980198,0.002912593081620567
35,Sold,Residential,Rural Residential,1.0,1.0,3.0,1342.0,0.28,2019,93945.312,1.5,70.00395827123697,0.5,4627.586206896551,0.0022354527909628093
36,Sold,Residential,Rural Residential,1.0,0.0,2.0,768.0,0.36,2021,89824.723,1.0,116.95927473958334,0.5,2075.675675675676,0.002604132758688038
37,Sold,Residential,Rural Residential,2.0,0.0,3.0,1184.0,0.5,2018,97111.554,2.0,82.01989358108108,0.6666666666666666,2321.5686274509803,0.002533762383763651
38,Sold,Residential,Rural Residential,2.0,0.0,3.0,1332.0,0.69,2019,95214.844,2.0,71.48261561561561,0.6666666666666666,1902.857142857143,0.0022522353435785016
39,Sold,Residential,Mobile/Mod/Mfg w/Property,2.0,1.0,4.0,2464.0,5.0,2023,79918.033,2.5,32.434266639610385,0.625,491.81636726546907,0.0016233700350242084
40,Sold,Residential,Rural Residential,1.0,0.0,2.0,936.0,0.4,2021,91023.985,1.0,97.24784722222222,0.5,2282.9268292682923,0.002136729308447559
41,Sold,Residential,Rural Residential,2.0,0.0,3.0,1233.0,0.29,2018,99053.785,2.0,80.33559205190592,0.6666666666666666,4110.0,0.0024330702914007185
42,Sold,Residential,Rural Residential,2.0,0.0,3.0,1342.0,0.57,2020,98255.814,2.0,73.21595678092399,0.6666666666666666,2313.793103448276,0.0022354527909628093
43,Sold,Residential,Rural Residential,2.0,0.0,4.0,1925.0,0.5,2017,104132.653,2.0,54.09488467532468,0.5,3774.5098039215686,0.0020779112835777476
44,Sold,Residential,Rural Residential,3.0,1.0,5.0,2660.0,3.67,2017,104795.918,3.5,39.39696165413534,0.7,722.8260869565217,0.0018796921816083396
45,Sold,Residential,Rural Residential,1.0,0.0,2.0,1012.0,4.6,2015,108333.333,1.0,107.04874802371542,0.5,219.52277657266814,0.0019762650566694006
46,Sold,Residential,Rural Residential,1.0,0.0,3.0,1188.0,0.21,2021,94741.697,1.0,79.7489031986532,0.3333333333333333,5400.0,0.0025252312690970617
47,Sold,Residential,Rural Residential,2.0,0.0,3.0,1800.0,0.5,2017,105989.796,2.0,58.88322,0.6666666666666666,3529.4117647058824,0.0016666574074588475
48,Sold,Residential,Rural Residential,1.0,0.0,2.0,1244.0,7.37,2019,101562.5,1.0,81.64188102893891,0.5,168.56368563685638,0.0016077041181340986
49,Sold,Residential,Rural Residential,1.0,1.0,2.0,1167.0,0.34,2017,106122.449,1.5,90.93611739502998,0.75,3334.2857142857138,0.001713781372910258
50,Sold,Residential,Rural Residential,1.0,0.0,2.0,1024.0,0.45,2021,96420.664,1.0,94.1608046875,0.5,2226.086956521739,0.0019531059266999346
51,Sold,Residential,Rural Residential,2.0,0.0,3.0,1216.0,8.1,2023,86844.262,2.0,71.41797861842106,0.6666666666666666,149.9383477188656,0.0024670849746301427
52,Sold,Residential,Rural Residential,2.0,0.0,3.0,1795.0,5.0,2016,110580.913,2.0,61.60496545961003,0.6666666666666666,358.28343313373256,0.0016712998813377083
53,Sold,Residential,Rural Residential,1.0,0.0,3.0,1008.0,1.01,2021,98339.483,1.0,97.55901091269841,0.3333333333333333,988.2352941176471,0.0029761609507842185
54,Sold,Residential,Rural Residential,2.0,0.0,3.0,1525.0,2.0,2018,106822.709,2.0,70.04767803278689,0.6666666666666666,758.7064676616916,0.0019672002150805568
56,Sold,Residential,Rural Residential,1.0,0.0,3.0,1072.0,0.46,2025,85000.0,1.0,79.2910447761194,0.3333333333333333,2280.851063829787,0.002798481357450024
57,Sold,Residential,Mobile/Mod/Mfg w/Property,2.0,0.0,3.0,1152.0,0.35,2024,87420.886,2.0,75.88618576388889,0.6666666666666666,3200.0,0.0026041440612494682
58,Sold,Residential,Rural Residential,1.0,1.0,3.0,1730.0,0.5,2017,112755.102,1.5,65.17635953757225,0.5,3392.156862745098,0.0017340940225779042
59,Sold,Residential,Rural Residential,1.0,1.0,3.0,1109.0,0.4,2019,111083.984,1.5,100.16590081154193,0.5,2704.8780487804875,0.002705115373170666
60,Sold,Residential,Rural Residential,1.0,0.0,3.0,1104.0,0.5,2022,97833.904,1.0,88.61766666666666,0.3333333333333333,2164.705882352941,0.0027173666905191077
61,Sold,Residential,Rural Residential,1.0,0.0,2.0,1153.0,0.16,2024,90506.329,1.0,78.49638248048569,0.5,6782.35294117647,0.0017345903331280736
62,Sold,Residential,Rural Residential,2.0,0.0,3.0,1914.0,1.0,2018,115239.044,2.0,60.208486938349004,0.6666666666666666,1895.049504950495,0.0015673899300421628
63,Sold,Residential,Rural Residential,1.0,1.0,4.0,1512.0,1.0,2018,115886.454,1.5,76.64448015873016,0.375,1497.029702970297,0.0026454851489077454
64,Sold,Residential,Rural Residential,1.0,0.0,3.0,1200.0,0.16,2023,95581.967,1.0,79.65163916666667,0.3333333333333333,7058.823529411764,0.0024999791668402762
65,Sold,Residential,Rural Residential,1.0,0.0,3.0,1530.0,1.0,2020,113246.124,1.0,74.01707450980392,0.3333333333333333,1514.851485148515,0.0019607714982255017
66,Sold,Residential,Rural Residential,2.0,0.0,3.0,1508.0,0.75,2017,119387.755,2.0,79.16959880636605,0.6666666666666666,1984.2105263157894,0.0019893767282710326
67,Sold,Residential,Mobile/Mod/Mfg w/Property,3.0,0.0,4.0,2240.0,19.0,2020,113372.093,3.0,50.61254151785714,0.75,117.83271962125197,0.0017857063138110988
69,Sold,Residential,Rural Residential,1.0,1.0,3.0,1328.0,0.41,2016,121369.295,1.5,91.39254141566265,0.5,3161.904761904762,0.0022590191338920642
70,Sold,Residential,Rural Residential,2.0,0.0,3.0,1816.0,1.5,2019,115527.344,2.0,63.61637885462555,0.6666666666666666,1202.6490066225165,0.001651973282085451
71,Sold,Residential,Rural Residential,2.0,0.0,3.0,2106.0,1.18,2018,117828.685,2.0,55.94904320987654,0.6666666666666666,1769.747899159664,0.0014244946605191807
72,Sold,Residential,Rural Residential,1.0,0.0,2.0,1444.0,3.83,2020,115891.473,1.0,80.2572527700831,0.5,376.0416666666667,0.0013850319596124682
73,Sold,Residential,Rural Residential,2.0,0.0,1.0,1028.0,0.25,2021,110332.103,2.0,107.32694844357977,2.0,3953.846153846154,0.0009727531833347925
74,Sold,Residential,Rural Residential,1.0,0.0,2.0,1038.0,1.0,2021,111531.365,1.0,107.44832851637766,0.5,1027.7227722772277,0.0019267637113322608
75,Sold,Residential,Rural Residential,2.0,0.0,3.0,1500.0,5.68,2015,127531.646,2.0,85.02109733333333,0.6666666666666666,263.62038664323376,0.001999986666755555
76,Sold,Residential,Rural Residential,2.0,0.0,2.0,1588.0,0.38,2023,99098.361,2.0,62.40450944584383,1.0,4071.7948717948716,0.0012594379128594909
77,Sold,Residential,Rural Residential,1.0,1.0,3.0,1300.0,0.48,2021,112730.627,1.5,86.71586692307692,0.5,2653.061224489796,0.0023076745563495667
78,Sold,Residential,Rural Residential,3.0,0.0,4.0,1800.0,0.5,2019,120605.469,3.0,67.00303833333334,0.75,3529.4117647058824,0.0022222098766117968
79,Sold,Residential,Rural Residential,2.0,0.0,2.0,1199.0,1.75,2017,126020.408,2.0,105.10459382819016,1.0,681.25,0.0016680428019782989
80,Sold,Residential,Rural Residential,1.0,1.0,3.0,1100.0,1.0,2017,126020.408,1.5,114.56400727272727,0.5,1089.1089108910892,0.00272724793410969
81,Sold,Residential,Rural Residential,2.0,0.0,2.0,1475.0,1.0,2016,130134.855,2.0,88.22702033898305,1.0,1460.3960396039604,0.001355923010691453
83,Sold,Residential,Mobile/Mod/Mfg w/Property,2.0,0.0,3.0,1040.0,3.26,2022,110077.055,2.0,105.84332211538461,0.6666666666666666,318.04281345565755,0.0028845876481956904
84,Sold,Residential,Rural Residential,2.0,0.0,2.0,1620.0,0.39,2020,125843.023,2.0,77.68087839506173,1.0,4050.0,0.0012345602804920957
85,Sold,Residential,Rural Residential,3.0,0.0,3.0,1600.0,0.35,2020,125843.023,3.0,78.651889375,1.0,4444.444444444444,0.0018749882813232418
86,Sold,Residential,Rural Residential,1.0,1.0,1.0,1028.0,0.25,2023,106557.377,1.5,103.65503599221789,1.5,3953.846153846154,0.0009727531833347925
87,Sold,Residential,Rural Residential,2.0,0.0,3.0,1750.0,0.86,2023,106557.377,2.0,60.889929714285714,0.6666666666666666,2011.4942528735633,0.0017142759184233232
88,Sold,Residential,Rural Residential,1.0,1.0,3.0,1442.0,1.65,2016,137551.867,1.5,95.38964424410541,0.5,868.6746987951808,0.0020804294006282896
89,Sold,Residential,Rural Residential,2.0,1.0,4.0,1659.0,0.22,2017,136632.653,2.5,82.35844062688366,0.625,7213.043478260869,0.0024110764853738074
90,Sold,Residential,Mobile/Mod/Mfg w/Property,2.0,0.0,3.0,1740.0,2.06,2021,124003.69,2.0,71.26648850574713,0.6666666666666666,840.5797101449276,0.0017241280222527458
91,Sold,Residential,Mobile/Mod/Mfg w/Property,2.0,0.0,3.0,1568.0,2.0,2022,115642.123,2.0,73.75135395408164,0.6666666666666666,780.0995024875623,0.0019132531042531616
92,Sold,Residential,Rural Residential,1.0,0.0,2.0,1080.0,0.28,2023,110819.672,1.0,102.6108074074074,0.5,3724.1379310344823,0.0018518347052342108
93,Sold,Residential,Mobile/Mod/Mfg w/Property,3.0,1.0,5.0,2660.0,3.67,2018,135956.175,3.5,51.1113439849624,0.7,722.8260869565217,0.0018796921816083396
94,Sold,Residential,Rural Residential,1.0,1.0,2.0,1000.0,3.0,2018,135956.175,1.5,135.956175,0.75,332.22591362126246,0.001999980000199998
95,Sold,Residential,Rural Residential,2.0,0.0,2.0,1134.0,0.12,2023,111885.246,2.0,98.66423809523809,1.0,8723.076923076922,0.0017636528778405835
96,Sold,Residential,Rural Residential,1.0,0.0,3.0,1904.0,9.0,2021,125922.509,1.0,66.13577153361345,0.3333333333333333,211.32075471698113,0.001575621976775332
97,Sold,Residential,Rural Residential,1.0,1.0,2.0,1150.0,0.74,2023,111885.246,1.5,97.29151826086957,0.75,1533.3333333333333,0.0017391153120407648
98,Sold,Residential,Condo/Townhse/Duplex/Apt,2.0,2.0,2.0,1779.0,0.0,2023,111885.246,3.0,62.89221247892074,1.5,177900.0,0.0011242207744756915
99,Sold,Residential,Rural Residential,2.0,0.0,4.0,2200.0,5.0,2017,140479.592,2.0,63.85436,0.5,439.12175648702595,0.0018181735537565735
100,Sold,Residential,Rural Residential,1.0,0.0,2.0,1386.0,0.25,2024,110047.468,1.0,79.39932756132755,0.5,5330.7692307692305,0.0014429910318107372
101,Sold,Residential,Rural Residential,3.0,0.0,5.0,2010.0,0.29,2020,137306.202,3.0,68.31154328358208,0.6,6700.0,0.002487549813185009
102,Sold,Residential,Rural Residential,1.0,0.0,1.0,1008.0,13.0,2024,113132.911,1.0,112.23503075396825,1.0,77.47886241352806,0.000992053650261406
103,Sold,Residential,Rural Residential,2.0,0.0,2.0,676.0,3.71,2022,122431.507,2.0,181.1116967455621,1.0,181.72043010752688,0.0029585361163296403
104,Sold,Residential,Rural Residential,2.0,1.0,2.0,2556.0,0.36,2021,131918.819,2.5,51.61143153364632,1.25,6908.108108108108,0.0007824695521535518
105,Sold,Residential,Rural Residential,2.0,0.0,2.0,1200.0,1.5,2020,141085.271,2.0,117.57105916666667,1.0,794.7019867549669,0.0016666527778935176
106,Sold,Residential,Rural Residential,1.0,0.0,2.0,1112.0,0.8,2022,124657.534,1.0,112.10209892086331,0.5,1372.8395061728395,0.0017985449771135151
107,Sold,Residential,Rural Residential,1.0,1.0,3.0,1369.0,0.5,2021,136715.867,1.5,99.86549817384953,0.5,2684.3137254901962,0.0021913645627132015
108,Sold,Residential,Rural Residential,2.0,0.0,3.0,1592.0,0.5,2019,145869.141,2.0,91.62634484924624,0.6666666666666666,3121.5686274509803,0.0018844102738048128
109,Sold,Residential,Rural Residential,2.0,0.0,3.0,1448.0,0.5,2015,157563.291,2.0,108.81442748618784,0.6666666666666666,2839.2156862745096,0.002071808896347401
110,Sold,Residential,Rural Residential,1.0,0.0,3.0,1075.0,0.95,2022,127996.575,1.0,119.06658139534883,0.3333333333333333,1119.7916666666667,0.0027906717146817237
111,Sold,Residential,Rural Residential,2.0,0.0,2.0,1440.0,11.0,2023,122540.984,2.0,85.09790555555556,1.0,130.79019073569484,0.0013888792438941397
112,Sold,Residential,Rural Residential,2.0,0.0,3.0,1809.0,0.69,2019,145996.094,2.0,80.70541404090659,0.6666666666666666,2584.2857142857147,0.0016583656253973168
113,Sold,Residential,Rural Residential,2.0,0.0,4.0,1892.0,4.0,2019,145996.094,2.0,77.16495454545455,0.5,471.8204488778055,0.002114153730688527
114,Sold,Residential,Rural Residential,1.0,0.0,3.0,1272.0,0.53,2024,118275.316,1.0,92.9837389937107,0.3333333333333333,2355.555555555555,0.0023584720245910015
115,Sold,Residential,Rural Residential,2.0,0.0,2.0,1056.0,0.33,2023,123606.557,2.0,117.05166382575757,1.0,3105.882352941176,0.0018939214590770921
116,Sold,Residential,Rural Residential,2.0,0.0,3.0,1587.0,3.25,2021,139114.391,2.0,87.65872148708254,0.6666666666666666,486.80981595092027,0.0018903472567910725
117,Sold,Residential,Rural Residential,2.0,0.0,3.0,1500.0,0.57,2019,148408.203,2.0,98.93880200000001,0.6666666666666666,2586.206896551724,0.001999986666755555
119,Sold,Residential,Rural Residential,2.0,0.0,3.0,1500.0,0.5,2018,152788.845,2.0,101.85923,0.6666666666666666,2941.176470588235,0.001999986666755555
120,Sold,Residential,Rural Residential,2.0,0.0,3.0,2034.0,0.46,2018,152788.845,2.0,75.11742625368731,0.6666666666666666,4327.659574468084,0.0014749190023647869
121,Sold,Residential,Rural Residential,2.0,0.0,3.0,1948.0,10.0,2022,131335.616,2.0,67.42074743326489,0.6666666666666666,194.60539460539462,0.0015400331620474227
122,Sold,Residential,Rural Residential,2.0,0.0,3.0,1419.0,5.0,2020,148643.411,2.0,104.75222762508808,0.6666666666666666,283.23353293413174,0.0021141500059900916
123,Sold,Residential,Rural Residential,2.0,0.0,3.0,1909.0,2.93,2016,159802.905,2.0,83.71026977475118,0.6666666666666666,649.3197278911565,0.0015714951728906606
124,Sold,Residential,Rural Residential,2.0,0.0,3.0,1524.0,0.34,2019,150947.266,2.0,99.0467624671916,0.6666666666666666,4354.285714285714,0.001968491020400129
125,Sold,Residential,Rural Residential,2.0,0.0,3.0,1872.0,0.27,2019,150947.266,2.0,80.63422329059829,0.6666666666666666,6685.714285714285,0.0016025555419041564
126,Sold,Residential,Rural Residential,2.0,0.0,3.0,1304.0,1.2,2022,132448.63,2.0,101.57103527607363,0.6666666666666666,1077.6859504132233,0.0023005958543262706
127,Sold,Residential,Rural Residential,2.0,0.0,2.0,1700.0,0.38,2021,142712.177,2.0,83.9483394117647,1.0,4358.974358974358,0.0011764636678607773
128,Sold,Residential,Rural Residential,1.0,0.0,2.0,768.0,0.25,2023,127762.295,1.0,166.35715494791665,0.5,2953.846153846154,0.002604132758688038
129,Sold,Residential,Rural Residential,1.0,0.0,2.0,1128.0,1.1,2024,123417.722,1.0,109.41287411347517,0.5,1016.2162162162161,0.0017730339270041933
130,Sold,Residential,Rural Residential,2.0,0.0,4.0,2128.0,1.81,2022,133561.644,2.0,62.76393045112782,0.5,1169.2307692307693,0.0018796904149886511
131,Sold,Residential,Rural Residential,1.0,0.0,2.0,1044.0,0.24,2024,123417.722,1.0,118.21620881226053,0.5,4176.0,0.0019156904627350313
132,Sold,Residential,Rural Residential,1.0,0.0,3.0,1260.0,5.0,2020,151792.636,1.0,120.47034603174603,0.3333333333333333,251.49700598802397,0.0023809334846548835
133,Sold,Residential,Rural Residential,2.0,0.0,3.0,1696.0,0.79,2016,164522.822,2.0,97.0063808962264,0.6666666666666666,2120.0,0.0017688574949440157
134,Sold,Residential,Rural Residential,2.0,0.0,3.0,1612.0,2.25,2016,165871.369,2.0,102.89787158808933,0.6666666666666666,713.2743362831859,0.0018610306387677497
135,Sold,Residential,Rural Residential,1.0,0.0,3.0,1341.0,0.63,2024,127531.646,1.0,95.1018985831469,0.3333333333333333,2095.3125,0.0022371197828502396
136,Sold,Residential,Rural Residential,2.0,0.0,2.0,1340.0,0.2,2023,132290.984,2.0,98.72461492537313,1.0,6380.952380952381,0.0014925261751777973
137,Sold,Residential,Rural Residential,2.0,0.0,3.0,1566.0,0.48,2016,167894.191,2.0,107.2121270753512,0.6666666666666666,3195.918367346939,0.0019156965792044751
138,Sold,Residential,Rural Residential,1.0,0.0,3.0,1124.0,0.55,2023,133090.164,1.0,118.40761921708184,0.3333333333333333,2007.1428571428569,0.002669015400218859
139,Sold,Residential,Mobile/Mod/Mfg w/Property,2.0,0.0,3.0,2560.0,5.61,2021,149787.823,2.0,58.510868359375,0.6666666666666666,455.51601423487546,0.0011718704223811624
140,Sold,Residential,Rural Residential,2.0,0.0,4.0,1480.0,0.19,2022,139126.712,2.0,94.00453513513513,0.5,7400.0,0.0027026844413213427
141,Sold,Residential,Rural Residential,2.0,0.0,3.0,1988.0,0.31,2022,139126.712,2.0,69.9832555331992,0.6666666666666666,6212.5,0.0015090467351773884
142,Sold,Residential,Rural Residential,2.0,1.0,3.0,2552.0,5.0,2019,158691.406,2.5,62.18315282131661,0.8333333333333334,509.3812375249501,0.001175543982978123
143,Sold,Residential,Rural Residential,2.0,0.0,3.0,1265.0,10.0,2021,149907.749,2.0,118.50414940711464,0.6666666666666666,126.37362637362638,0.002371522754760832
144,Sold,Residential,Rural Residential,3.0,0.0,4.0,2100.0,1.0,2025,125000.0,3.0,59.523809523809526,0.75,2079.207920792079,0.0019047528345103116
145,Sold,Residential,Rural Residential,1.0,0.0,2.0,966.0,14.0,2019,159960.938,1.0,165.59103312629398,0.5,68.95074946466809,0.002070371942319438
146,Sold,Residential,Rural Residential,2.0,1.0,3.0,1600.0,0.42,2019,159960.938,2.5,99.97558624999999,0.8333333333333334,3720.93023255814,0.0018749882813232418
147,Sold,Residential,Rural Residential,2.0,0.0,2.0,1380.0,0.51,2022,140239.726,2.0,101.62298985507246,1.0,2653.846153846154,0.0014492648603995624
148,Sold,Residential,Rural Residential,2.0,0.0,3.0,1425.0,3.43,2019,160595.703,2.0,112.69873894736843,0.6666666666666666,414.24418604651163,0.002105248384221865
149,Sold,Residential,Rural Residential,1.0,0.0,2.0,1236.0,0.51,2024,131645.57,1.0,106.50936084142396,0.5,2376.9230769230767,0.0016181098858423476
150,Sold,Residential,Rural Residential,2.0,0.0,2.0,1200.0,2.7,2021,154105.166,2.0,128.42097166666667,1.0,442.8044280442804,0.0016666527778935176
151,Sold,Residential,Rural Residential,2.0,0.0,3.0,1522.0,0.52,2017,171122.449,2.0,112.4326208935611,0.6666666666666666,2871.698113207547,0.0019710777195944837
152,Sold,Residential,Rural Residential,2.0,1.0,4.0,3097.0,0.57,2019,163769.531,2.5,52.880055214723924,0.625,5339.6551724137935,0.0012915683191207002
153,Sold,Residential,Rural Residential,2.0,0.0,3.0,1614.0,1.24,2022,143578.767,2.0,88.958343866171,0.6666666666666666,1291.2,0.0018587245432184435
154,Sold,Residential,Rural Residential,1.0,0.0,3.0,1113.0,0.33,2021,155304.428,1.0,139.53677268643307,0.3333333333333333,3273.529411764706,0.0026953935723847944
155,Sold,Residential,Rural Residential,2.0,0.0,3.0,1491.0,5.0,2018,167679.283,2.0,112.4609543930248,0.6666666666666666,297.6047904191617,0.0020120589399132134
156,Sold,Residential,Rural Residential,2.0,0.0,2.0,1428.0,0.66,2023,138524.59,2.0,97.00601540616246,1.0,2131.3432835820895,0.0014005504163136112
157,Sold,Residential,Rural Residential,2.0,0.0,3.0,1547.0,0.48,2020,163759.69,2.0,105.85629605688429,0.6666666666666666,3157.1428571428573,0.0019392246979657534
159,Sold,Residential,Rural Residential,2.0,0.0,4.0,1608.0,0.61,2023,138524.59,2.0,86.1471330845771,0.5,2593.548387096774,0.0024875467192368205
160,Sold,Residential,Rural Residential,2.0,0.0,2.0,1008.0,0.34,2023,140655.738,2.0,139.53942261904763,1.0,2879.9999999999995,0.001984107300522812
161,Sold,Residential,Rural Residential,1.0,1.0,3.0,1250.0,0.29,2024,135759.494,1.5,108.6075952,0.5,4166.666666666667,0.0023999808001535987
162,Sold,Residential,Rural Residential,1.0,1.0,3.0,1348.0,0.45,2024,135759.494,1.5,100.71179080118695,0.5,2930.4347826086955,0.0022255027781693014
163,Sold,Residential,Rural Residential,2.0,0.0,3.0,1134.0,0.31,2024,138844.937,2.0,122.43821604938272,0.6666666666666666,3543.75,0.002645479316760875
164,Sold,Residential,Rural Residential,1.0,1.0,3.0,1160.0,1.07,2024,138844.937,1.5,119.69391120689656,0.5,1074.074074074074,0.0025861846018568804
165,Sold,Residential,Rural Residential,2.0,0.0,3.0,1732.0,0.25,2020,170058.14,2.0,98.18599307159354,0.6666666666666666,6661.538461538461,0.0017320916160992142
166,Sold,Residential,Rural Residential,2.0,0.0,3.0,1224.0,12.24,2020,170058.14,2.0,138.9363888888889,0.6666666666666666,99.91836734693878,0.00245096036797085
167,Sold,Residential,Rural Residential,1.0,1.0,4.0,2124.0,6.67,2017,180408.163,1.5,84.93792984934086,0.375,317.96407185628743,0.0018832303049420669
168,Sold,Residential,Rural Residential,2.0,0.0,4.0,1858.0,0.54,2020,171317.829,2.0,92.20550538213132,0.5,3378.181818181818,0.002152840942729049
169,Sold,Residential,Rural Residential,1.0,0.0,2.0,1180.0,18.0,2021,163099.631,1.0,138.22002627118644,0.5,65.51915602443087,0.0016949008906704181
170,Sold,Residential,Rural Residential,1.0,1.0,3.0,1465.0,5.03,2021,163099.631,1.5,111.3308061433447,0.5,290.6746031746032,0.0020477675920300884
171,Sold,Residential,Rural Residential,2.0,0.0,3.0,1500.0,0.5,2015,187183.544,2.0,124.78902933333333,0.6666666666666666,2941.176470588235,0.001999986666755555
172,Sold,Residential,Rural Residential,2.0,0.0,3.0,1122.0,0.5,2023,145877.049,2.0,130.01519518716577,0.6666666666666666,2200.0,0.0026737729610253028
173,Sold,Residential,Rural Residential,2.0,0.0,2.0,1591.0,15.96,2022,153039.384,2.0,96.1906876178504,1.0,99.62429555416405,0.0012570631234247428
174,Sold,Residential,Rural Residential,2.0,0.0,4.0,1884.0,0.23,2020,175096.899,2.0,92.93890605095541,0.5,7849.999999999999,0.0021231309812580613
175,Sold,Residential,Rural Residential,2.0,0.0,3.0,1300.0,0.17,2021,166697.417,2.0,128.22878230769228,0.6666666666666666,7222.222222222222,0.0023076745563495667
176,Sold,Residential,Rural Residential,1.0,0.0,2.0,1187.0,0.41,2022,155710.616,1.0,131.17996293176074,0.5,2826.190476190476,0.0016849057716447208
177,Sold,Residential,Rural Residential,2.0,0.0,2.0,1511.0,6.2,2023,149073.77,2.0,98.65901389808073,1.0,243.31723027375202,0.0013236179773793689
178,Sold,Residential,Rural Residential,2.0,0.0,3.0,2700.0,0.26,2021,167776.753,2.0,62.13953814814815,0.6666666666666666,10000.0,0.0011111069959000152
179,Sold,Residential,Rural Residential,3.0,0.0,2.0,1516.0,0.25,2022,155821.918,3.0,102.78490633245383,1.5,5830.7692307692305,0.001319252511526969
180,Sold,Residential,Rural Residential,2.0,0.0,2.0,1285.0,0.37,2022,158047.945,2.0,122.99450972762646,1.0,3381.578947368421,0.0015564081213375771
181,Sold,Residential,Rural Residential,2.0,0.0,3.0,1428.0,0.9,2021,170295.203,2.0,119.25434383753502,0.6666666666666666,1569.2307692307693,0.002100825624470417
182,Sold,Residential,Rural Residential,2.0,1.0,3.0,1552.0,0.45,2022,160273.973,2.5,103.2693125,0.8333333333333334,3373.9130434782605,0.0019329772359714178
183,Sold,Residential,Rural Residential,1.0,1.0,3.0,1200.0,0.9,2022,161386.986,1.5,134.489155,0.5,1318.6813186813185,0.0024999791668402762
184,Sold,Residential,Rural Residential,1.0,0.0,2.0,1064.0,1.0,2021,173892.989,1.0,163.43326033834586,0.5,1053.4653465346535,0.0018796815819400194
185,Sold,Residential,Rural Residential,2.0,0.0,3.0,1764.0,0.31,2023,154508.197,2.0,87.58968083900226,0.6666666666666666,5512.5,0.0017006706311188712
186,Sold,Residential,Rural Residential,2.0,0.0,3.0,1595.0,1.0,2020,182655.039,2.0,114.517265830721,0.6666666666666666,1579.2079207920792,0.0018808659506836948
188,Sold,Residential,Rural Residential,2.0,0.0,3.0,1456.0,1.0,2023,157704.918,2.0,108.31381730769232,0.6666666666666666,1441.5841584158416,0.0020604254091661457
189,Sold,Residential,Rural Residential,2.0,0.0,3.0,1600.0,0.5,2018,192280.876,2.0,120.1755475,0.6666666666666666,3137.254901960784,0.0018749882813232418
190,Sold,Residential,Rural Residential,3.0,0.0,4.0,2614.0,2.0,2021,179769.373,3.0,68.7717570772762,0.75,1300.497512437811,0.0015302160282477878
191,Sold,Residential,Rural Residential,2.0,0.0,3.0,1584.0,0.51,2019,190429.688,2.0,120.22076262626263,0.6666666666666666,3046.153846153846,0.0018939274373267845
192,Sold,Residential,Rural Residential,2.0,0.0,3.0,1477.0,0.3,2024,154272.152,2.0,104.44966283006093,0.6666666666666666,4764.5161290322585,0.0020311304595094144
193,Sold,Residential,Rural Residential,4.0,1.0,4.0,2300.0,0.45,2020,188953.488,4.5,82.15369043478262,1.125,5000.0,0.0017391228733788112
194,Sold,Residential,Rural Residential,2.0,0.0,2.0,1464.0,0.28,2022,166952.055,2.0,114.03828893442622,1.0,5048.275862068965,0.0013661108872207158
195,Sold,Residential,Rural Residential,2.0,1.0,4.0,1628.0,0.46,2022,169734.589,2.5,104.25957555282555,0.625,3463.829787234042,0.002456987364942476
196,Sold,Residential,Rural Residential,2.0,0.0,4.0,1908.0,16.0,2017,202959.184,2.0,106.37273794549267,0.5,119.17551530293565,0.002096425071147426
197,Sold,Residential,Rural Residential,2.0,0.0,3.0,1592.0,0.5,2022,171404.11,2.0,107.66589824120602,0.6666666666666666,3121.5686274509803,0.0018844102738048128
198,Sold,Residential,Rural Residential,2.0,0.0,3.0,1500.0,2.5,2021,185285.978,2.0,123.52398533333333,0.6666666666666666,597.609561752988,0.001999986666755555
199,Sold,Residential,Mobile/Mod/Mfg w/Property,2.0,0.0,3.0,1920.0,1.35,2023,165057.377,2.0,85.96738385416667,0.6666666666666666,1411.764705882353,0.001562491862021552
200,Sold,Residential,Rural Residential,2.0,1.0,4.0,2557.0,1.25,2015,212552.743,2.5,83.12582831443098,0.625,2029.3650793650793,0.001564327085150234
201,Sold,Residential,Rural Residential,1.0,1.0,3.0,1708.0,7.05,2024,159414.557,1.5,93.33404976580796,0.5,241.92634560906518,0.0017564299974824503
202,Sold,Residential,Rural Residential,2.0,0.0,3.0,1836.0,0.55,2017,205612.245,2.0,111.98924019607843,0.6666666666666666,3278.5714285714284,0.001633978028442111
203,Sold,Residential,Rural Residential,2.0,0.0,2.0,1836.0,0.77,2022,173073.63,2.0,94.26668300653596,1.0,2353.846153846154,0.001089318685628074
204,Sold,Residential,Rural Residential,2.0,0.0,3.0,1806.0,1.0,2015,215295.359,2.0,119.21116223698782,0.6666666666666666,1788.118811881188,0.0016611203703191012
205,Sold,Residential,Mobile/Mod/Mfg w/Property,3.0,0.0,4.0,2316.0,4.6,2020,197771.318,3.0,85.39348791018999,0.75,502.3861171366595,0.0017271082594634737
206,Sold,Residential,Rural Residential,1.0,0.0,3.0,1458.0,0.5,2024,161471.519,1.0,110.74864128943759,0.3333333333333333,2858.823529411765,0.0020575990562478994
208,Sold,Residential,Rural Residential,3.0,0.0,3.0,2374.0,1.5,2016,211721.992,3.0,89.18365290648694,1.0,1572.185430463576,0.0012636846517074484
209,Sold,Residential,Rural Residential,1.0,0.0,2.0,1024.0,0.53,2024,162500.0,1.0,158.69140625,0.5,1896.296296296296,0.0019531059266999346
210,Sold,Residential,Rural Residential,2.0,1.0,3.0,2701.0,0.49,2020,199031.008,2.5,73.68789633469086,0.8333333333333334,5402.0,0.0011106956286722374
211,Sold,Residential,Rural Residential,2.0,0.0,3.0,1664.0,2.5,2021,189963.1,2.0,114.16051682692309,0.6666666666666666,662.9482071713148,0.0018028737808066058
212,Sold,Residential,Rural Residential,2.0,1.0,3.0,2298.0,0.49,2015,219272.152,2.5,95.41869103568321,0.8333333333333334,4596.0,0.0013054773477922201
214,Sold,Residential,Rural Residential,2.0,0.0,4.0,1598.0,0.22,2022,178082.192,2.0,111.44067083854819,0.5,6947.826086956521,0.002503113247101082
215,Sold,Residential,Rural Residential,2.0,1.0,3.0,1352.0,7.47,2022,178082.192,2.5,131.7175976331361,0.8333333333333334,180.74866310160428,0.002218918499123527
216,Sold,Residential,Rural Residential,2.0,0.0,5.0,2100.0,20.0,2016,218464.73,2.0,104.03082380952381,0.4,104.94752623688156,0.0023809410431378897
217,Sold,Residential,Rural Residential,2.0,0.0,3.0,1312.0,0.85,2023,173688.525,2.0,132.38454649390243,0.6666666666666666,1525.5813953488373,0.002286567937744377
218,Sold,Residential,Rural Residential,3.0,0.0,4.0,2459.0,0.41,2017,217551.02,3.0,88.47133794225294,0.75,5854.761904761905,0.001626670896010996
219,Sold,Residential,Rural Residential,2.0,0.0,3.0,1300.0,1.0,2022,183647.26,2.0,141.26712307692307,0.6666666666666666,1287.128712871287,0.0023076745563495667
220,Sold,Residential,Rural Residential,3.0,0.0,3.0,1880.0,0.5,2021,197878.229,3.0,105.25437712765957,1.0,3686.2745098039213,0.001595736192892591
221,Sold,Residential,Rural Residential,3.0,0.0,3.0,1998.0,1.5,2019,215693.359,3.0,107.95463413413414,1.0,1323.1788079470198,0.001501493986516584
222,Sold,Residential,Rural Residential,2.0,1.0,3.0,2166.0,0.55,2015,232985.232,2.5,107.56474238227146,0.8333333333333334,3867.8571428571427,0.0013850351568090635
223,Sold,Residential,Rural Residential,2.0,0.0,4.0,1700.0,0.73,2018,220119.522,2.0,129.4820717647059,0.5,2297.2972972972975,0.0023529273357215546
224,Sold,Residential,Rural Residential,2.0,0.0,3.0,1550.0,1.2,2020,215406.977,2.0,138.97224322580647,0.6666666666666666,1280.9917355371902,0.0019354713840555868
225,Sold,Residential,Rural Residential,2.0,0.0,4.0,2164.0,0.37,2016,231950.207,2.0,107.18586275415896,0.5,5694.736842105263,0.0018484202938064056
226,Sold,Residential,Rural Residential,2.0,0.0,3.0,1300.0,1.5,2023,185409.836,2.0,142.62295076923078,0.6666666666666666,860.9271523178808,0.0023076745563495667
227,Sold,Residential,Mobile/Mod/Mfg w/Property,2.0,0.0,3.0,2105.0,1.0,2023,186475.41,2.0,88.58689311163896,0.6666666666666666,2084.158415841584,0.0014251713768580671
228,Sold,Residential,Rural Residential,2.0,0.0,2.0,1700.0,0.38,2024,179984.177,2.0,105.87304529411765,1.0,4358.974358974358,0.0011764636678607773
229,Sold,Residential,Rural Residential,2.0,0.0,3.0,1863.0,1.4,2022,194777.397,2.0,104.55040096618357,0.6666666666666666,1321.276595744681,0.0016102973145608452
230,Sold,Residential,Rural Residential,2.0,0.0,2.0,1680.0,1.0,2023,186475.41,2.0,110.99726785714286,1.0,1663.3663366336634,0.0011904691043505694
232,Sold,Residential,Rural Residential,2.0,0.0,3.0,1963.0,1.0,2022,195333.904,2.0,99.50784717269487,0.6666666666666666,1943.5643564356435,0.001528265266096454
233,Sold,Residential,Rural Residential,2.0,0.0,3.0,1544.0,3.0,2023,187540.984,2.0,121.46436787564767,0.6666666666666666,512.9568106312292,0.0019429925971982047
234,Sold,Residential,Rural Residential,2.0,1.0,3.0,2172.0,1.5,2018,232938.247,2.5,107.24597007366482,0.8333333333333334,1438.41059602649,0.0013812091104552925
235,Sold,Residential,Rural Residential,2.0,0.0,3.0,2000.0,2.57,2018,233067.729,2.0,116.53386449999999,0.6666666666666666,775.1937984496125,0.0014999925000374998
236,Sold,Residential,Rural Residential,2.0,1.0,3.0,2046.0,0.5,2020,226744.186,2.5,110.82316031280547,0.8333333333333334,4011.7647058823527,0.001466268493311372
237,Sold,Residential,Rural Residential,2.0,1.0,4.0,2404.0,6.76,2023,197024.59,2.5,81.95698419301165,0.625,355.096011816839,0.0016638865894900601
238,Sold,Residential,Rural Residential,2.0,0.0,3.0,1992.0,0.9,2021,221863.469,2.0,111.37724347389559,0.6666666666666666,2189.010989010989,0.001506016536061566
239,Sold,Residential,Mobile/Mod/Mfg w/Property,2.0,0.0,3.0,1838.0,15.0,2023,197663.934,2.0,107.54294559303591,0.6666666666666666,122.45169886742173,0.0016322000424372012
240,Sold,Residential,Rural Residential,2.0,1.0,3.0,2376.0,0.51,2017,246734.694,2.5,103.84456818181818,0.8333333333333334,4569.2307692307695,0.001262620948565031
241,Sold,Residential,Rural Residential,2.0,0.0,3.0,1691.0,0.25,2022,208133.562,2.0,123.08312359550563,0.6666666666666666,6503.846153846153,0.0017740876754129189
242,Sold,Residential,Rural Residential,3.0,0.0,3.0,2339.0,5.52,2019,241083.984,3.0,103.07139119281744,1.0,422.9656419529838,0.001282593917939641
243,Sold,Residential,Rural Residential,2.0,0.0,4.0,1932.0,16.0,2015,260548.523,2.0,134.85948395445135,0.5,120.67457838850717,0.0020703826584748527
244,Sold,Residential,Rural Residential,2.0,0.0,3.0,2229.0,1.0,2019,241210.938,2.0,108.214866756393,0.6666666666666666,2206.930693069307,0.0013458889821041627
245,Sold,Residential,Rural Residential,3.0,1.0,4.0,3000.0,1.69,2015,261919.831,3.5,87.30661033333334,0.875,1764.7058823529412,0.0013333288889037036
246,Sold,Residential,Rural Residential,3.0,0.0,4.0,1859.0,7.5,2024,197982.595,3.0,106.49951317912857,0.75,247.53661784287618,0.0021516828849764123
247,Sold,Residential,Mobile/Mod/Mfg w/Property,2.0,0.0,3.0,1152.0,7.0,2022,216926.37,2.0,188.304140625,0.6666666666666666,164.33666191155493,0.0026041440612494682
248,Sold,Residential,Rural Residential,2.0,0.0,3.0,1766.0,16.0,2020,245639.535,2.0,139.09373442808607,0.6666666666666666,110.30605871330417,0.001698744627720115
249,Sold,Residential,Rural Residential,2.0,1.0,4.0,2464.0,5.0,2024,200553.797,2.5,81.3935864448052,0.625,491.81636726546907,0.0016233700350242084
250,Sold,Residential,Rural Residential,2.0,0.0,3.0,1498.0,5.0,2021,233856.089,2.0,156.11220894526036,0.6666666666666666,299.001996007984,0.0020026568580984107
251,Sold,Residential,Rural Residential,3.0,0.0,2.0,1872.0,2.5,2021,233856.089,3.0,124.92312446581197,1.5,745.8167330677292,0.0010683703612694377
252,Sold,Residential,Rural Residential,2.0,0.0,3.0,1931.0,1.37,2022,218150.685,2.0,112.97290781978249,0.6666666666666666,1399.2753623188405,0.001553591125887489
253,Sold,Residential,Rural Residential,2.0,0.0,3.0,2172.0,2.0,2022,220933.219,2.0,101.71879327808472,0.6666666666666666,1080.5970149253733,0.0013812091104552925
254,Sold,Residential,Mobile/Mod/Mfg w/Property,2.0,0.0,3.0,1800.0,13.0,2022,221489.726,2.0,123.04984777777777,0.6666666666666666,138.35511145272866,0.0016666574074588475
255,Sold,Residential,Rural Residential,2.0,1.0,3.0,2687.0,4.0,2019,253779.297,2.5,94.44707740975065,0.8333333333333334,670.0748129675811,0.0011164826331126418
257,Sold,Residential,Rural Residential,3.0,0.0,3.0,2225.0,3.0,2019,253906.25,3.0,114.11516853932584,1.0,739.202657807309,0.0013483085469278787
258,Sold,Residential,Rural Residential,2.0,0.0,3.0,2064.0,2.0,2023,213114.754,2.0,103.2532722868217,0.6666666666666666,1026.865671641791,0.0014534813300323157
260,Sold,Residential,Rural Residential,2.0,0.0,3.0,2546.0,10.84,2017,271806.122,2.0,106.75809976433621,0.6666666666666666,234.65437788018434,0.0011783143035573307
261,Sold,Residential,Rural Residential,2.0,0.0,3.0,2048.0,0.34,2019,260253.906,2.0,127.0771025390625,0.6666666666666666,5851.428571428571,0.0014648365974775511
262,Sold,Residential,Rural Residential,2.0,1.0,3.0,1928.0,0.25,2023,218442.623,2.5,113.30011566390041,0.8333333333333334,7415.384615384615,0.0015560085269267275
263,Sold,Residential,Rural Residential,2.0,1.0,3.0,1718.0,1.92,2024,211867.089,2.5,123.32193771827707,0.8333333333333334,890.1554404145078,0.0017462063666684128
264,Sold,Residential,Rural Residential,2.0,1.0,2.0,1400.0,0.5,2021,251845.018,2.5,179.88929857142858,1.25,2745.098039215686,0.0014285612245626817
265,Sold,Residential,Mobile/Mod/Mfg w/Property,2.0,0.0,4.0,2280.0,4.32,2024,215981.013,2.0,94.72851447368421,0.5,526.5588914549653,0.0017543782702707442
269,Sold,Residential,Rural Residential,2.0,0.0,3.0,1836.0,5.0,2021,257841.328,2.0,140.4364531590414,0.6666666666666666,366.4670658682635,0.001633978028442111
270,Sold,Residential,Rural Residential,2.0,0.0,4.0,1715.0,2.3,2023,232721.311,2.0,135.6975574344023,0.5,742.4242424242425,0.00233234791633868
271,Sold,Residential,Rural Residential,2.0,0.0,3.0,2120.0,1.53,2021,263837.638,2.0,124.45171603773584,0.6666666666666666,1376.6233766233765,0.0014150876646808269
273,Sold,Residential,Rural Residential,1.0,1.0,2.0,2840.0,15.0,2023,237622.951,1.5,83.67005316901408,0.75,189.20719520319787,0.0007042228724546744
276,Sold,Residential,Rural Residential,2.0,0.0,3.0,1750.0,0.5,2024,232275.237,2.0,132.72870685714287,0.6666666666666666,3431.372549019608,0.0017142759184233232
277,Sold,Residential,Rural Residential,2.0,0.0,4.0,2079.0,2.44,2021,271632.841,2.0,130.6555271765272,0.5,848.5714285714287,0.0019239926695879287
278,Sold,Residential,Rural Residential,2.0,0.0,3.0,1735.0,10.0,2021,273431.734,2.0,157.59754121037463,0.6666666666666666,173.32667332667333,0.0017290966622670763
279,Sold,Residential,Rural Residential,2.0,0.0,3.0,2100.0,3.0,2021,274031.365,2.0,130.4911261904762,0.6666666666666666,697.6744186046512,0.0014285646258827337
280,Sold,Residential,Rural Residential,2.0,1.0,3.0,2483.0,1.0,2024,235522.152,2.5,94.85386709625453,0.8333333333333334,2458.4158415841584,0.001208211001969384
281,Sold,Residential,Rural Residential,2.0,1.0,3.0,2204.0,0.38,2024,236550.633,2.5,107.32787341197822,0.8333333333333334,5651.282051282051,0.0013611553486599425
285,Sold,Residential,Rural Residential,2.0,0.0,3.0,2100.0,0.5,2024,241693.038,2.0,115.09192285714286,0.6666666666666666,4117.64705882353,0.0014285646258827337
287,Sold,Residential,Rural Residential,2.0,0.0,4.0,1960.0,0.52,2022,263784.247,2.0,134.5837994897959,0.5,3698.1132075471696,0.0020408059142555395
288,Sold,Residential,Rural Residential,2.0,0.0,2.0,1288.0,20.0,2023,255204.918,2.0,198.1404642857143,1.0,64.36781609195401,0.001552782975287459
290,Sold,Residential,Rural Residential,3.0,0.0,3.0,2366.0,0.49,2022,271575.342,3.0,114.78247759932376,1.0,4732.0,0.001267957447348067
292,Sold,Residential,Rural Residential,2.0,0.0,3.0,1980.0,7.59,2022,272688.356,2.0,137.72139191919194,0.6666666666666666,260.5263157894737,0.0015151438629097834
293,Sold,Residential,Rural Residential,3.0,0.0,4.0,2300.0,5.0,2021,293819.188,3.0,127.74747304347827,0.75,459.08183632734534,0.0017391228733788112
294,Sold,Residential,Rural Residential,2.0,0.0,3.0,2429.0,5.16,2020,314796.512,2.0,129.5992227254014,0.6666666666666666,469.825918762089,0.0012350710783405583
296,Sold,Residential,Rural Residential,3.0,0.0,4.0,2214.0,1.25,2022,278253.425,3.0,125.67905374887081,0.75,1757.142857142857,0.0018066765732765433
297,Sold,Residential,Rural Residential,3.0,0.0,3.0,2031.0,12.78,2019,317382.812,3.0,156.26923289020186,1.0,158.7959343236904,0.0014770976016858608
299,Sold,Residential,Rural Residential,2.0,1.0,3.0,2488.0,10.0,2024,264833.861,2.5,106.44447789389066,0.8333333333333334,248.55144855144854,0.001205782934956049
300,Sold,Residential,Rural Residential,2.0,0.0,3.0,2150.0,10.0,2018,335358.566,2.0,155.980728372093,0.6666666666666666,214.78521478521478,0.0013953423472448964
302,Sold,Residential,Rural Residential,2.0,0.0,4.0,2040.0,1.0,2024,270490.506,2.0,132.59338529411764,0.5,2019.8019801980197,0.0019607747020847937
304,Sold,Residential,Rural Residential,3.0,0.0,4.0,1720.0,10.55,2024,272547.468,3.0,158.45783023255814,0.75,162.87878787878788,0.00232556787460538
306,Sold,Residential,Rural Residential,2.0,0.0,2.0,2200.0,0.54,2022,299400.685,2.0,136.09122045454546,1.0,3999.9999999999995,0.0009090867768782868
307,Sold,Residential,Rural Residential,2.0,0.0,3.0,1568.0,0.58,2023,298360.656,2.0,190.2810306122449,0.6666666666666666,2657.627118644068,0.0019132531042531616
308,Sold,Residential,Rural Residential,2.0,1.0,4.0,1904.0,5.0,2023,305819.672,2.5,160.61957563025211,0.625,380.03992015968066,0.0021008293023671095
309,Sold,Residential,Rural Residential,2.0,0.0,3.0,1770.0,0.75,2024,298259.494,2.0,168.50818870056497,0.6666666666666666,2328.9473684210525,0.0016949056784989916
310,Sold,Residential,Rural Residential,2.0,0.0,3.0,2295.0,10.0,2022,322773.973,2.0,140.64225403050108,0.6666666666666666,229.27072927072928,0.0013071838466934783
311,Sold,Residential,Rural Residential,2.0,0.0,3.0,1833.0,0.31,2025,293500.0,2.0,160.12002182214948,0.6666666666666666,5728.125,0.0016366522823116076
312,Sold,Residential,Rural Residential,2.0,0.0,3.0,2149.0,3.0,2021,353782.288,2.0,164.62647184737088,0.6666666666666666,713.953488372093,0.0013959916426633657
313,Sold,Residential,Rural Residential,2.0,0.0,3.0,1812.0,4.4,2020,372868.217,2.0,205.77716169977924,0.6666666666666666,410.88435374149657,0.0016556200020971187
316,Sold,Residential,Rural Residential,2.0,1.0,3.0,2295.0,12.7,2023,340983.607,2.5,148.57673507625273,0.8333333333333334,180.5664830841857,0.0013071838466934783
317,Sold,Residential,Rural Residential,2.0,0.0,4.0,2209.0,7.1,2023,349508.197,2.0,158.22009823449525,0.5,310.6891701828411,0.0018107659087102366
320,Sold,Residential,Agriculture/Farm/Ranch,2.0,0.0,4.0,1848.0,10.0,2021,113929.889,2.0,61.65037283549783,0.5,184.6153846153846,0.002164490451891494
322,Sold,Residential,Agriculture/Farm/Ranch,2.0,0.0,3.0,1400.0,12.7,2022,194666.096,2.0,139.04721142857142,0.6666666666666666,110.14948859166012,0.0021428418368440224
